postscript	lang	text	fallback	url	group	full_name
ShadowsIntoLight	ar	شادو انتو	Shadows Into Light	https://storage.appchief.dev/fonts/June2026/h3k2B2rT0ljvEU66UnJd.ttf	العربية	Shadows Into Light
ThickNaskhSwash	ar	نسخ سواش	Thick Naskh Swash	https://storage.appchief.dev/fonts/April2026/UkgnBOAm8e0NObddTsc7.ttf	العربية	Thick Naskh Swash
MonacoKufi	ar	موناكو كوفي	Monaco-Kufi	https://storage.appchief.dev/fonts/April2026/KlmCYsOWmcqjSoXXJFHd.ttf	العربية	Monaco-Kufi
QahwaArabic-Black	ar	قهوة	Qahwa Arabic	https://storage.appchief.dev/fonts/April2026/YqzJZBPt3uH3npNFnlfk.ttf	العربية	Qahwa Arabic Black
QahwaArabicSalt	ar	قهوة	Qahwa Arabic-Salt	https://storage.appchief.dev/fonts/April2026/CNURopmGisvz4rxdHUQv.ttf	العربية	Qahwa Arabic-Salt
BadeenDisplay-Regular	ar	بادين	Badeen Display	https://storage.appchief.dev/fonts/October2025/DTrnzqwHmWMa2EdCRFSG.ttf	العربية	Badeen Display Regular
GraphicSchool-Regular	ar	جرافيك سكول	Graphic School	https://storage.appchief.dev/fonts/November2025/vknP5XCs5HVnM1EuYHdv.ttf	العربية	Graphic School Regular
MTLombardiaLuxury	ar	لومبارديا	MT Lombardia Luxury	https://storage.appchief.dev/fonts/November2025/CAg0LroWCdZKlmGEqNe1.ttf	العربية	MT Lombardia Luxury
MT-STRAWBERRYSolid	ar	فراولة	MT-STRAWBERRY Solid	https://storage.appchief.dev/fonts/December2025/LgqjMGQ6M9RxgbRNTIBK.ttf	العربية	MT-STRAWBERRY Solid
MTNitroDisplay	ar	نيترو	MT Nitro Display	https://storage.appchief.dev/fonts/December2025/fvAVAiRgPJY0ivZbBKg6.ttf	العربية	MT Nitro Display
VOXOR	ar	فوكسو	VOXO R	https://storage.appchief.dev/fonts/January2026/sUPBU3s1dFjPxMvXk5o8.ttf	العربية	VOXO R
VOXOB	ar	فوكسو	VOXO B	https://storage.appchief.dev/fonts/January2026/jEW8TxBxD3HTY7G7B3Cv.ttf	العربية	VOXO B
HAYA-SemiBold	ar	هيا	HAYA	https://storage.appchief.dev/fonts/January2026/B39g7WxosNgEKgaRy2el.ttf	العربية	HAYA SemiBold
HAYA-ExtraBold	ar	هيا	HAYA	https://storage.appchief.dev/fonts/January2026/UtxsImnCvFZuqfLPu8IK.ttf	العربية	HAYA ExtraBold
HAYA-Bold	ar	هيا	HAYA	https://storage.appchief.dev/fonts/January2026/ijTB5eCQgsCWsQs28z6S.ttf	العربية	HAYA Bold
HAYA-Black	ar	هيا	HAYA	https://storage.appchief.dev/fonts/January2026/6Fn6XJvXHOGYcUVKLNKv.ttf	العربية	HAYA Black
HAYA-Regular	ar	هيا	HAYA	https://storage.appchief.dev/fonts/January2026/GPHFaNKKJicoFoJcGtdv.ttf	العربية	HAYA Regular
Jarood	ar	جارود	Jarood	https://storage.appchief.dev/fonts/April2026/WTjf0Ktrfwbfio9TgLXO.ttf	العربية	Jarood
TROX-R	ar	تروكس	TROX R	https://storage.appchief.dev/fonts/October2025/Ol4DhQWAeKoC4D8fyzze.ttf	العربية	TROX R
Rubik-Light	ar	روبيك	Rubik	https://storage.appchief.dev/fonts/April2025/HIO7iP4sn6au0D2fzXrd.ttf	العربية	Rubik Light
Saudi-Bold	ar	سعودي	Saudi	https://storage.appchief.dev/fonts/April2025/YwNBMG0mNZGHbg8iUXqD.ttf	العربية	Saudi Bold
Saudi-Medium	ar	سعودي	Saudi	https://storage.appchief.dev/fonts/April2025/HMDfd22DWqLNZ6aCJjZl.ttf	العربية	Saudi Medium
Saudi-Regular	ar	سعودي	Saudi	https://storage.appchief.dev/fonts/April2025/9vEGOXv6zkusMMNvai1a.ttf	العربية	Saudi
TheYearofHandicrafts-Regular	ar	عام الحرف	The Year of Handicrafts	https://storage.appchief.dev/fonts/January2025/8EhuBLx2x5YKfPomN7Nk.ttf	العربية	The Year of Handicrafts Regular
TheYearofHandicrafts-SemiBold	ar	عام الحرف	The Year of Handicrafts SemBd	https://storage.appchief.dev/fonts/January2025/aeLHewfAhPlWHKL1MQTu.ttf	العربية	The Year of Handicrafts SemBd
TheYearofHandicrafts-Black	ar	عام الحرف	The Year of Handicrafts	https://storage.appchief.dev/fonts/January2025/gA2j4gSiiLFsWNqiLVVv.ttf	العربية	The Year of Handicrafts Black
MedadPronz-Regular	ar	مداد	Medad Pronz	https://storage.appchief.dev/fonts/January2025/jlrwJkRGD4GpvPjW29wA.ttf	العربية	Medad Pronz Regular
Wingx	ar	وينجكس	Wingx	https://storage.appchief.dev/fonts/December2024/MSbsnuN6YgTm0aufAdOh.ttf	العربية	Wingx
Tajawal-Regular	ar	تجوال	Tajawal	https://storage.appchief.dev/fonts/December2024/ZR2A5OENrR2kmWrZjjPj.ttf	العربية	Tajawal
Tajawal-Bold	ar	تجوال	Tajawal	https://storage.appchief.dev/fonts/December2024/HH99is8Uk4rDVfd0vdaE.ttf	العربية	Tajawal-Bold
LANTX	ar	لانتكس	LANTX	https://storage.appchief.dev/fonts/October2024/iiqH773sQTtKfrYEk4Xo.ttf	العربية	LANTX
LANTX-Bold	ar	لانتكس	LANTX	https://storage.appchief.dev/fonts/October2024/tRM5BwQwTw4RJmCzAzt4.ttf	العربية	LANTX Bold
LANTX-Light	ar	لانتكس	LANTX	https://storage.appchief.dev/fonts/October2024/orEcn3TKV1UrUDofOojT.ttf	العربية	LANTX Light
Zain-Light	ar	زين	Zain	https://storage.appchief.dev/fonts/October2024/kAyRN95NMYFyPDp1qdis.ttf	العربية	Zain Light
Zain-Bold	ar	زين	Zain	https://storage.appchief.dev/fonts/October2024/1iQphfde4sACxZQnI1jV.ttf	العربية	Zain Bold
Zain-Black	ar	زين	Zain	https://storage.appchief.dev/fonts/October2024/xgNJfoFHitIyv6A7vV6e.ttf	العربية	Zain Black
Beiruti-Bold	ar	بيروتي	Beiruti	https://storage.appchief.dev/fonts/October2024/wUjmrkige6M2AEejxxAk.ttf	العربية	Beiruti Bold
Beiruti-Regular	ar	بيروتي	Beiruti	https://storage.appchief.dev/fonts/October2024/EUvmZBtHPVxvqTUbEeJu.ttf	العربية	Beiruti Regular
Beiruti-Light	ar	بيروتي	Beiruti	https://storage.appchief.dev/fonts/October2024/R8Z87PuZ2TEdUGDexPOm.ttf	العربية	Beiruti Light
ElMessiri-Bold	ar	المسيري	El Messiri	https://storage.appchief.dev/fonts/April2024/qLt5GHVTrqKtfzGYcEdH.ttf	العربية	El Messiri Bold
ElMessiri-Medium	ar	المسيري	El Messiri	https://storage.appchief.dev/fonts/April2024/sKeKCb0laZwPUbhmomLM.ttf	العربية	El Messiri Medium
Mada-Bold	ar	مدى	Mada	https://storage.appchief.dev/fonts/May2024/FHGiWqmooZLfC8klxGlL.ttf	العربية	Mada Bold
Mada-SemiBold	ar	مدى	Mada	https://storage.appchief.dev/fonts/May2024/nVmGSPXGQEhNQ177SnCO.ttf	العربية	Mada SemiBold
Mada-Regular	ar	مدى	Mada	https://storage.appchief.dev/fonts/May2024/O83mwBur9O041sJ5vuWD.ttf	العربية	Mada Regular
DGFaseh	ar	فصيح	DG Faseh	https://storage.appchief.dev/fonts/November2023/JOf0CwQ15S2Gi1aWo4a5.ttf	العربية	DG Faseh
DGFaseh-Bold	ar	فصيح	DG Faseh	https://storage.appchief.dev/fonts/November2023/I19jTsuM4LqRdPNAxbnU.ttf	العربية	DG Faseh Bold
DGTrika	ar	تريكا	DG Trika	https://storage.appchief.dev/fonts/December2023/90qQm8vz7fsrijWqdaIt.ttf	العربية	DG Trika
DGTrika-Bold	ar	تريكا	DG Trika	https://storage.appchief.dev/fonts/December2023/My1sWcAY3f6p1QxlKlPU.ttf	العربية	DG Trika Bold
Alexandria-SemiBold	ar	الإسكندرية	Alexandria	https://storage.appchief.dev/fonts/December2023/aScOwOhcjJQSTe821Pnm.ttf	العربية	Alexandria SemiBold
Alexandria-Regular	ar	الإسكندرية	Alexandria	https://storage.appchief.dev/fonts/December2023/20lGLzZXNpPd4DBHEH0l.ttf	العربية	Alexandria Regular
Alexandria-Bold	ar	الإسكندرية	Alexandria	https://storage.appchief.dev/fonts/December2023/PDNU7ZuwfpiUt6fUaKkX.ttf	العربية	Alexandria Bold
Alexandria-Black	ar	الإسكندرية	Alexandria	https://storage.appchief.dev/fonts/December2023/LzUXBah75uiVe4uJrUoc.ttf	العربية	Alexandria Black
BalooBhaijaan2-Regular	ar	بالو بهايجان	Baloo Bhaijaan 2	https://storage.appchief.dev/fonts/February2024/CjgtI7jBS7mblbWOHQ1B.ttf	العربية	Baloo Bhaijaan 2 Regular
BalooBhaijaan2-Bold	ar	بالو بهايجان	Baloo Bhaijaan 2	https://storage.appchief.dev/fonts/February2024/bSRaW9pFfwewKFgbfcOE.ttf	العربية	Baloo Bhaijaan 2 Bold
BalooBhaijaan2-ExtraBold	ar	بالو بهايجان	Baloo Bhaijaan 2	https://storage.appchief.dev/fonts/February2024/sPs3y0i2c79nPCV1mfRn.ttf	العربية	Baloo Bhaijaan 2 ExtraBold
RHZak-Bold	ar	زاك	RH-Zak	https://storage.appchief.dev/fonts/March2024/m0oBfQ3IR4qmirwSobWV.ttf	العربية	RH-Zak Bold
DGMataryah	ar	المطرية	DG Mataryah	https://storage.appchief.dev/fonts/October2023/7tSE3dIkzr0XkSpuTCYI.ttf	العربية	DG Mataryah
DGAgnadeen	ar	أجنادين	DG Agnadeen	https://storage.appchief.dev/fonts/October2023/0JxfSDYw8qngveI4GymC.ttf	العربية	DG Agnadeen
DGAgnadeen-Bold	ar	أجنادين	DG Agnadeen	https://storage.appchief.dev/fonts/October2023/GgKm7gr6K5Bk9D0wvUVy.ttf	العربية	DG Agnadeen Bold
DGAgnadeen-Extrabold	ar	أجنادين	DG Agnadeen Extra-bold	https://storage.appchief.dev/fonts/October2023/2wkiceZ9CARrgyjAX5Xc.ttf	العربية	DG Agnadeen Extra-bold
DGAgnadeen-Light	ar	أجنادين	DG Agnadeen	https://storage.appchief.dev/fonts/October2023/mm5B9Jl3tuWDUJkMeczv.ttf	العربية	DG Agnadeen Light
Watad-Regular	ar	وتد	Watad	https://storage.appchief.dev/fonts/August2023/9c6YiyVIV4WcqmVY7eGL.ttf	العربية	Watad Regular
ReadexPro-Regular	ar	ريدكس	Readex Pro	https://storage.appchief.dev/fonts/September2023/u4VCVeKHTsLi5y9Srh9P.ttf	العربية	Readex Pro Regular
AMoshref-Naskh	ar	المشرف	AMoshref-Naskh	https://storage.appchief.dev/fonts/September2025/twQ677nJ7ApStuFkVLeE.ttf	العربية	AMoshref-Naskh
Jomhuria-Regular	ar	جمهورية	Jomhuria	https://storage.appchief.dev/fonts/September2024/7l9D1auDxOH6hIFzCDQt.ttf	العربية	Jomhuria
TheYearofTheCamel-ExtraLight	ar	عام الإبل	The Year of The Camel	https://storage.appchief.dev/fonts/August2024/PWRjzcUwyP1BUUOdepV3.ttf	العربية	The Year of The Camel ExtraLight
TheYearofTheCamel-Medium	ar	عام الإبل	The Year of The Camel	https://storage.appchief.dev/fonts/August2024/59AM8QJJtaf3VBBtYFgI.ttf	العربية	The Year of The Camel Medium
TheYearofTheCamel-Bold	ar	عام الإبل	The Year of The Camel	https://storage.appchief.dev/fonts/August2024/8zBTFcyr7g7rz8G1u6cD.ttf	العربية	The Year of The Camel Bold
Lateef-Regular	ar	لطيف	Lateef	https://storage.appchief.dev/fonts/May2024/NQdRRCeeywe6oNHbp0eK.ttf	العربية	Lateef
Lateef-SemiBold	ar	لطيف	Lateef	https://storage.appchief.dev/fonts/May2024/niXywN8qKyULweeC7dHl.ttf	العربية	Lateef SemiBold
Lateef-Bold	ar	لطيف	Lateef	https://storage.appchief.dev/fonts/May2024/RLxS3QwcP4wSA6vUd4oy.ttf	العربية	Lateef Bold
MarkaziText-Regular	ar	مركزي	Markazi Text	https://storage.appchief.dev/fonts/March2024/Hv9OeIhrbrdHizPIE3By.ttf	العربية	Markazi Text Regular
MarkaziText-Medium	ar	مركزي	Markazi Text	https://storage.appchief.dev/fonts/March2024/ruiv08WAkBZSAscAm15k.ttf	العربية	Markazi Text Medium
DGSahabah	ar	صحابة	DG Sahabah	https://storage.appchief.dev/fonts/January2024/eqiLSwOATS7gYndHALLi.ttf	العربية	DG Sahabah
DGSahabah-Light	ar	صحابة	DG Sahabah	https://storage.appchief.dev/fonts/January2024/BdFU7gHKclGTS4mLzaHX.ttf	العربية	DG Sahabah Light
DGSahabah-Bold	ar	صحابة	DG Sahabah	https://storage.appchief.dev/fonts/January2024/v3Lvu6ZMLPa6FlAVKZEV.ttf	العربية	DG Sahabah Bold
Vazirmatn-ExtraLight	ar	وزيرمتن	Vazirmatn	https://storage.appchief.dev/fonts/November2023/uGENRqzUwESWBtdVIgD6.ttf	العربية	Vazirmatn ExtraLight
Vazirmatn-Regular	ar	وزيرمتن	Vazirmatn	https://storage.appchief.dev/fonts/url/Dxx78j6PP2D_kU2muijPEe1n2vVbfJRklWgzOReZ72DF_QY.ttf	العربية	Vazirmatn Regular
Vazirmatn-Medium	ar	وزيرمتن	Vazirmatn	https://storage.appchief.dev/fonts/November2023/A7fbDQTICzreebAxJnqL.ttf	العربية	Vazirmatn Medium
Vazirmatn-Bold	ar	وزيرمتن	Vazirmatn	https://storage.appchief.dev/fonts/November2023/51VKEObPMOmu0jgvqOau.ttf	العربية	Vazirmatn Bold
MasmakBHD-Bold	ar	مصمك	MasmakBHD	https://storage.appchief.dev/fonts/August2023/7BJmDLbqh6wYOTTtGlda.ttf	العربية	MasmakBHD Bold
KFGQPCUthmanTahaNaskh-Bold	ar	عثمان طه	KFGQPC Uthman Taha Naskh	https://storage.appchief.dev/fonts/August2023/Iym8CQhN8DPz9CGGTmvu.ttf	العربية	KFGQPC Uthman Taha Naskh Bold
Sultan_normal.edit:mezajeey	ar	سلطان	Sultan_normal.edit:mezajeey	https://storage.appchief.dev/fonts/February2021/Z3nNzHwBwwMo4v5raSJY.otf	العربية	Sultan_normal.edit:mezajeey
Khalid Art bold	ar	خالد آرت	Khalid Art bold	https://storage.appchief.dev/fonts/February2021/YAgYa1USgs9QW5nj3Yt1.ttf	العربية	Khalid Art bold
VIPTraisac-Regular	ar	تريساك	VIP Traisac	https://storage.appchief.dev/fonts/February2021/UbMaOFnZXyB4lkVApvJQ.otf	العربية	VIP Traisac Regular
VIPTraisac-Bold	ar	تريساك	VIP Traisac	https://storage.appchief.dev/fonts/February2021/CwtsJj3s3NRuQb7233VB.otf	العربية	VIP Traisac Bold
BahijMuna-Black	ar	بهيج منى	Bahij Muna	https://storage.appchief.dev/fonts/February2021/738mLMHOfm05tsTrEHq5.ttf	العربية	Bahij Muna Black
AmiriQuran-Regular	ar	أميري قرآن	Amiri Quran	https://storage.appchief.dev/fonts/February2021/c3dgjcfldm3eNvc9NCvb.ttf	العربية	Amiri Quran
ArabicPoetry-Medium	ar	شعر عربي	Arabic Poetry	https://storage.appchief.dev/fonts/August2023/W6MzIyCYBu4D7KriMj4T.ttf	العربية	Arabic Poetry Medium
AraAlBayan-Bold	ar	البيان	Ara Al Bayan	https://storage.appchief.dev/fonts/February2021/x6fOSR3KqkfaJu4omUjb.otf	العربية	Ara Al Bayan Bold
Arbaeen	ar	أربعين	Arbaeen	https://storage.appchief.dev/fonts/February2021/VDSiWfwORAaNLJWthbEt.ttf	العربية	Arbaeen
AZ Topaz	ar	توباز	AZ Topaz	https://storage.appchief.dev/fonts/February2021/Q0hIGQ3x1dgZQRfVMQf9.ttf	العربية	AZ Topaz
BRoya	ar	رؤيا	B Roya	https://storage.appchief.dev/fonts/February2021/iLVM7KIpBqKryas6O57h.ttf	العربية	B Roya
BahijInsan	ar	بهيج إنسان	Bahij Insan	https://storage.appchief.dev/fonts/February2021/cZIcqNV87ywvadTKUEuQ.ttf	العربية	Bahij Insan
DimaNaskh	ar	ديما نسخ	Dima Naskh	https://storage.appchief.dev/fonts/February2021/IPqoHCQVXpPjwrXY9GfY.ttf	العربية	Dima Naskh
Dubai-Regular	ar	دبي	Dubai	https://storage.appchief.dev/fonts/February2021/7HthfzsEX04MIoTKnxbX.otf	العربية	Dubai Regular
Kamva	ar	كامفا	Kamva	https://storage.appchief.dev/fonts/February2021/lOqA6skjYdOJcw9G2aQF.ttf	العربية	Kamva
MolsaqArabic-ExtraBold	ar	ملصق	Molsaq Arabic	https://storage.appchief.dev/fonts/February2021/qTt4otpMpfK8fkVhNWg2.ttf	العربية	MolsaqArabic-ExtraBold
PTBoldHeading	ar	عناوين	PT Bold Heading	https://storage.appchief.dev/fonts/February2021/ZUGPT5u1A3OqfmQB9peY.ttf	العربية	PT Bold Heading
Rekaa-Bold	ar	رقعة	Rekaa	https://storage.appchief.dev/fonts/February2021/N5wmURy9aX6WJzpYKXTj.ttf	العربية	Rekaa Bold
Shabnam-Light	ar	شبنم	Shabnam	https://storage.appchief.dev/fonts/February2021/esq42A1BcrXCWzty7peY.ttf	العربية	Shabnam Light
KFGQPCUthmanicScriptHAFS	ar	حفص	KFGQPC Uthmanic Script HAFS	https://storage.appchief.dev/fonts/February2021/q5ufvyHMab8nCiNzHrWh.otf	العربية	KFGQPC Uthmanic Script HAFS
AzarMehrMonospacedSerifRegular	ar	آذرمهر	AzarMehr Monospaced Serif	https://storage.appchief.dev/fonts/February2021/vIvNfZBBESnzwj0FGv8c.ttf	العربية	AzarMehr Monospaced Serif Regular
AzarMehrMonospacedSansBold	ar	آذرمهر	AzarMehr Monospaced Sans	https://storage.appchief.dev/fonts/February2021/6zZXWG6q2TTYiG5mVGvP.ttf	العربية	AzarMehr Monospaced Sans Bold
Ah-naskh-hadith	ar	نسخ حديث	Ah-naskh-hadith	https://storage.appchief.dev/fonts/February2021/CDfz8BIGOn0brpAzKDe0.ttf	العربية	Ah-naskh-hadith
SFKhaled-Bold	ar	خالد	SF Khaled	https://storage.appchief.dev/fonts/January2022/1Jklra1JcnV7L5MK4J5l.ttf	العربية	SF Khaled Bold
SFKhaled-Medium	ar	خالد	SF Khaled	https://storage.appchief.dev/fonts/January2022/FMJljWULojfnlE17bnwP.ttf	العربية	SF Khaled Medium
SFKhaled-Light	ar	خالد	SF Khaled	https://storage.appchief.dev/fonts/February2021/2VbbDUfXF9ikk8OQuUdt.otf	العربية	SF Khaled Light
IBMPlexSansArabic-Bold	ar	بلكس	IBM Plex Sans Arabic	https://storage.appchief.dev/fonts/url/Qw3NZRtWPQCuHme67tEYUIx3Kh0PHR9N6YOG-dCTVsVJKxTs.ttf	العربية	IBM Plex Sans Arabic Bold
IBMPlexSansArabic-Regular	ar	بلكس	IBM Plex Sans Arabic	https://storage.appchief.dev/fonts/url/Qw3CZRtWPQCuHme67tEYUIx3Kh0PHR9N6bs61vSbfdlA.ttf	العربية	IBM Plex Sans Arabic Regular
IBMPlexSansArabic-Thin	ar	بلكس	IBM Plex Sans Arabic	https://storage.appchief.dev/fonts/url/Qw3MZRtWPQCuHme67tEYUIx3Kh0PHR9N6YNe3PC5eMlAMg0.ttf	العربية	IBM Plex Sans Arabic Thin
1LionsysReqa-Regular	ar	ليونسيس	1Lionsys Reqa	https://storage.appchief.dev/fonts/February2021/0wGU5K9TatiMcjHdI4nh.ttf	العربية	1Lionsys Reqa Regular
ArefRuqaa-Regular	ar	عارف رقعة	Aref Ruqaa	https://storage.appchief.dev/fonts/February2021/fVGEHDDBRGbQieB2edsb.ttf	العربية	Aref Ruqaa
ArefRuqaa-Bold	ar	عارف رقعة	Aref Ruqaa	https://storage.appchief.dev/fonts/February2021/TuLJztCj9YIM9wwJSbmJ.ttf	العربية	Aref Ruqaa Bold
ArefRuqaaInk-Regular	ar	عارف رقعة	Aref Ruqaa Ink	https://storage.appchief.dev/fonts/June2023/zm9n6fSYIqOuWlgOcfy2.ttf	العربية	Aref Ruqaa Ink Regular
ArefRuqaaInk-Bold	ar	عارف رقعة	Aref Ruqaa Ink	https://storage.appchief.dev/fonts/June2023/eouamIWZcsOoCTv2tdFD.ttf	العربية	Aref Ruqaa Ink Bold
BArabicStyle	ar	ستايل	B Arabic Style	https://storage.appchief.dev/fonts/February2021/bent55eRbJeMVaTbFMn8.ttf	العربية	B Arabic Style
Barada Reqa	ar	بردى	Barada Reqa	https://storage.appchief.dev/fonts/February2021/piuu8o0O9FmfqWddXkXp.ttf	العربية	Barada Reqa
HebahFont	ar	هبة	Hebah Font	https://storage.appchief.dev/fonts/February2021/pKus1j4sUAvO6pGtUf9f.ttf	العربية	Hebah Font
LaylaRuqaa	ar	ليلى	LaylaRuqaa	https://storage.appchief.dev/fonts/February2021/j5KJRjhaiEzwmVrLuz96.ttf	العربية	LaylaRuqaa
Rakkas-Regular	ar	رقاص	Rakkas	https://storage.appchief.dev/fonts/February2021/SIBXZ754GxPAWQlxOGnF.ttf	العربية	Rakkas Regular
THARWATEMARARUQAA	ar	عمارة	THARWAT EMARA RUQAA	https://storage.appchief.dev/fonts/February2021/jTqKfOsPKvY5VWg9fypl.ttf	العربية	THARWAT EMARA RUQAA
THARWATEMARARUQAALIGHT	ar	عمارة	THARWAT EMARA RUQAA LIGHT	https://storage.appchief.dev/fonts/July2021/uV8nSZVQ8HbENMeYsQts.otf	العربية	THARWAT EMARA RUQAA LIGHT
THARWATEMARARUQAALIGHT2	ar	عمارة	THARWAT EMARA RUQAA LIGHT2	https://storage.appchief.dev/fonts/February2021/j0OIqWG31LPXX7PgvqF8.ttf	العربية	THARWAT EMARA RUQAA LIGHT2
THARWATEMARARUQAALIGHTrand	ar	عمارة	THARWAT EMARA RUQAA LIGHT rand	https://storage.appchief.dev/fonts/February2021/VIh9Owb4WKxdpCGD7uGX.ttf	العربية	THARWAT EMARA RUQAA LIGHT rand
THARWATEMARARUQAAhollow	ar	عمارة	THARWAT EMARA RUQAA hollow	https://storage.appchief.dev/fonts/July2021/gX6yvrXYPUVo9uUMUnMk.otf	العربية	THARWAT EMARA RUQAA hollow
WaseemLight	ar	وسيم	Waseem	thumbgen/fonts/waseemlight.ttf	العربية	Waseem Light
Waseem	ar	وسيم	Waseem	thumbgen/fonts/waseem.ttf	العربية	Waseem Regular
Wqalam	ar	قلم	W_qalam	https://storage.appchief.dev/fonts/February2021/a8cpFHgWu9L1nahbrPCX.ttf	العربية	W_qalam
KFGQPCAlphabetDotted	ar	منقط	KFGQPC Alphabet Dotted	https://storage.appchief.dev/fonts/September2023/6DHGlLbYfgus0ISiZn76.ttf	العربية	KFGQPC Alphabet Dotted
ArabicEjaza	ar	إجازة	Arabic Ejaza	https://storage.appchief.dev/fonts/February2021/RGkKqnIIXFgUPyjTehYK.ttf	العربية	Arabic Ejaza
DecoTypeThuluthII	ar	الثلث	DecoType Thuluth II	https://storage.appchief.dev/fonts/February2021/uJEV4QlG6jkVKcZn3qKF.ttf	العربية	DecoType Thuluth II
Islamicsixt@blog3alm	ar	إسلامي	Islamic six	https://storage.appchief.dev/fonts/February2021/GcDYWjKk48TFis6Mlt5U.ttf	العربية	Islamic six    t@blog3alm
JassminTypo	ar	ياسمين	Jassmin Typo	https://storage.appchief.dev/fonts/February2021/DSm11HszQ6OJMaA66WZ7.ttf	العربية	Jassmin Typo
kelk	ar	كلك	kelk	https://storage.appchief.dev/fonts/February2021/fRJXZwviVlmEZTiFlL6C.ttf	العربية	kelk
BDavat	ar	دوات	B Davat	https://storage.appchief.dev/fonts/July2021/kuR6gjpbdavCaH5oONtI.ttf	العربية	B Davat
BFantezy	ar	فانتزي	B Fantezy	https://storage.appchief.dev/fonts/July2021/wKGp3ULTve2DB6zGq6rY.ttf	العربية	B Fantezy
MCSDiwanJalyS_U	ar	ديواني جلي	MCS Diwan Jaly	https://storage.appchief.dev/fonts/February2021/dkR6BOadtA2lQsxaKwpf.ttf	العربية	MCS Diwan  Jaly S_U
ULAmjad	ar	أمجد	UL Amjad	https://storage.appchief.dev/fonts/February2021/4T1Vbj1q1Jvoy1pTmoDc.ttf	العربية	UL Amjad
IranNastaliq	ar	إيران نستعليق	IranNastaliq	https://storage.appchief.dev/fonts/August2025/qAWLjhwwBnDK6vNG9fiF.ttf	العربية	IranNastaliq
Gulzar-Regular	ar	جولزار	Gulzar	https://storage.appchief.dev/fonts/August2023/Q8ISNQPAcAREAWtCLlqy.ttf	العربية	Gulzar Regular
FarsiSimpleBold	ar	فارسي بسيط	FarsiSimpleBold	https://storage.appchief.dev/fonts/February2021/JC85l4pMtwtwBZYxLg5R.ttf	العربية	FarsiSimpleBold
JameelNooriKasheeda	ar	جميل نوري	Jameel Noori Kasheeda	https://storage.appchief.dev/fonts/February2021/mQUsYcL4rjbPjgvwllLr.ttf	العربية	Jameel Noori Kasheeda
noorehuda	ar	نور الهدى	noorehuda	https://storage.appchief.dev/fonts/February2021/i8sVKMpiNOedXXFunfWC.ttf	العربية	noorehuda
NotoNastaliqUrdu-Bold	ar	نوتو أردو	Noto Nastaliq Urdu	https://storage.appchief.dev/fonts/February2021/c87xiVsDd7m3V2aAFrgr.ttf	العربية	Noto Nastaliq Urdu Bold
NotoNastaliqUrdu	ar	نوتو أردو	Noto Nastaliq Urdu	https://storage.appchief.dev/fonts/February2021/PR9u9Y7sEnMjLzEz1AtO.ttf	العربية	Noto Nastaliq Urdu
Almarai-Regular	ar	المراعي	Almarai	https://storage.appchief.dev/fonts/April2024/hxnGKhYSLiT7pC0ESk3N.ttf	العربية	Almarai
Almarai-Light	ar	المراعي	Almarai	https://storage.appchief.dev/fonts/April2024/wc4YBlmSaB30dAqlgTSN.ttf	العربية	Almarai Light
Almarai-ExtraBold	ar	المراعي	Almarai Extrabold	https://storage.appchief.dev/fonts/April2024/iSrXiu0T2jB2i6SLCjve.ttf	العربية	Almarai Extrabold
Almarai-Bold	ar	المراعي	Almarai	https://storage.appchief.dev/fonts/April2024/ZjooITB3mWtYCdqQZcnl.ttf	العربية	Almarai Bold
VEXA	ar	فيكسا	VEXA	https://storage.appchief.dev/fonts/April2024/2aNQ47aebmVuVrOKElJv.ttf	العربية	VEXA
Handjet-Bold	ar	هاندجيت	Handjet	https://storage.appchief.dev/fonts/May2024/dRaxuJfAftw8XmQviz0u.ttf	العربية	Handjet Bold
Handjet-SemiBold	ar	هاندجيت	Handjet	https://storage.appchief.dev/fonts/May2024/DoP7PhyUlsFBHJX2iOHi.ttf	العربية	Handjet SemiBold
Handjet-Regular	ar	هاندجيت	Handjet	https://storage.appchief.dev/fonts/May2024/ZEwXbzHK3zvuBVyMccfA.ttf	العربية	Handjet Regular
Fustat-Regular	ar	فسطاط	Fustat	https://storage.appchief.dev/fonts/July2024/Aij9me9OEOdUndHoWHKs.ttf	العربية	Fustat Regular
Fustat-ExtraBold	ar	فسطاط	Fustat	https://storage.appchief.dev/fonts/July2024/xVu62WlCCkqYDslSOilX.ttf	العربية	Fustat ExtraBold
Fustat-SemiBold	ar	فسطاط	Fustat	https://storage.appchief.dev/fonts/July2024/DhfIP3Utcm4Y1Ufu9fPp.ttf	العربية	Fustat SemiBold
QTSManga	ar	مانجا	QTS-Manga	https://storage.appchief.dev/fonts/November2023/EjVAslSPUWNFM9xlj4ql.ttf	العربية	QTS-Manga
QTSManga-Medium	ar	مانجا	QTS-Manga	https://storage.appchief.dev/fonts/November2023/ZNXCCZVURcEVXP7xOVCX.ttf	العربية	QTS-Manga Medium
QTSManga-Bold	ar	مانجا	QTS-Manga	https://storage.appchief.dev/fonts/November2023/rvme0zwRLqRc2U4M3C9X.ttf	العربية	QTS-Manga Bold
QTSManga-SemiBold	ar	مانجا	QTS-Manga	https://storage.appchief.dev/fonts/November2023/WNVSMgt4cqpTclKkNRP9.ttf	العربية	QTS-Manga Semi Bold
DGShamael	ar	شمائل	DG Shamael	https://storage.appchief.dev/fonts/December2023/NADosnnPi5xEvy5voo5E.ttf	العربية	DG Shamael
DGShamael-Light	ar	شمائل	DG Shamael	https://storage.appchief.dev/fonts/December2023/ccM5jMvrspmvqAO1At2O.ttf	العربية	DG Shamael Light
DGShamael-Bold	ar	شمائل	DG Shamael	https://storage.appchief.dev/fonts/December2023/OSJLAJxLsmq9aGAm6Vvs.ttf	العربية	DG Shamael Bold
DGShamael-Black	ar	شمائل	DG Shamael	https://storage.appchief.dev/fonts/December2023/ioxfy6wGAl9qHf2V3BLq.ttf	العربية	DG Shamael Black
DGHeaven-Thin	ar	هيفن	DG Heaven	https://storage.appchief.dev/fonts/January2024/JtDxm0VIg9L6akuRqnZI.ttf	العربية	DG Heaven Thin
DGHeaven	ar	هيفن	DG Heaven	https://storage.appchief.dev/fonts/January2024/ED393KCJDEQ4NExgSxkc.ttf	العربية	DG Heaven
DGHeaven-Bold	ar	هيفن	DG Heaven	https://storage.appchief.dev/fonts/January2024/sqieTO9Ff95WTRODl7TA.ttf	العربية	DG Heaven Bold
DGRawnaq	ar	رونق	DG Rawnaq	https://storage.appchief.dev/fonts/February2024/bWJ4H8wcUkCyfz2Zjt7n.ttf	العربية	DG Rawnaq
DGBaysan-Bold	ar	بيسان	DG Baysan	https://storage.appchief.dev/fonts/November2023/aldSB5N86GVKHUI1Q8wl.ttf	العربية	DG Baysan Bold
DGBaysan-Light	ar	بيسان	DG Baysan	https://storage.appchief.dev/fonts/November2023/8WKpzQQSlr0Mm4rOBpKY.ttf	العربية	DG Baysan Light
DGBaysan	ar	بيسان	DG Baysan	https://storage.appchief.dev/fonts/November2023/nA1D1RYrWGkPGouPVhzO.ttf	العربية	DG Baysan
DGBaysan-Semibold	ar	بيسان	DG Baysan Semibold	https://storage.appchief.dev/fonts/November2023/c2Hpy7cVVZcnz4J43uqE.ttf	العربية	DG Baysan Semibold
Kufam-Black	ar	كوفام	Kufam	https://storage.appchief.dev/fonts/November2023/6NqTjXdFVpCyP3Ck3GDQ.ttf	العربية	Kufam Black
Kufam-Bold	ar	كوفام	Kufam	https://storage.appchief.dev/fonts/November2023/R54DV6sNCU3EFTAf1nrJ.ttf	العربية	Kufam Bold
Kufam-SemiBold	ar	كوفام	Kufam	https://storage.appchief.dev/fonts/November2023/UrfUxsceC8EzT61WvtHm.ttf	العربية	Kufam SemiBold
Kufam-Regular	ar	كوفام	Kufam	https://storage.appchief.dev/fonts/November2023/IOYEwA4D4U7CAu916NVS.ttf	العربية	Kufam Regular
DGTebian	ar	تبيان	DG Tebian	https://storage.appchief.dev/fonts/October2023/TSB6rgCnivhVnr2lZyIg.ttf	العربية	DG Tebian
DGTebian-Bold	ar	تبيان	DG Tebian	https://storage.appchief.dev/fonts/October2023/2KlYNVpWkVPQtQsyCTSo.ttf	العربية	DG Tebian Bold
DGTebian-Black	ar	تبيان	DG Tebian	https://storage.appchief.dev/fonts/October2023/4JYkjonsOhTnFfiRxksR.ttf	العربية	DG Tebian Black
ReemKufi	ar	ريم كوفي	Reem Kufi	https://storage.appchief.dev/fonts/April2025/0RfSiaZRHBn3AKqXWGis.ttf	العربية	Reem Kufi
ReemKufiFun-Bold	ar	ريم كوفي	Reem Kufi Fun	https://storage.appchief.dev/fonts/November2024/p5HLxV2vrggyo2I1reVu.ttf	العربية	Reem Kufi Fun Bold
ReemKufiFun-Regular	ar	ريم كوفي	Reem Kufi Fun	https://storage.appchief.dev/fonts/November2024/yyLpzLwj7hpBEfwTFzHp.ttf	العربية	Reem Kufi Fun Regular
Changa-Bold	ar	تشانجا	Changa	https://storage.appchief.dev/fonts/June2024/4BfNnpPFGGKIYghXCwsa.ttf	العربية	Changa Bold
Changa-SemiBold	ar	تشانجا	Changa	https://storage.appchief.dev/fonts/June2024/ErW4chyBOcZQAILQJsHx.ttf	العربية	Changa SemiBold
Changa-Regular	ar	تشانجا	Changa	https://storage.appchief.dev/fonts/June2024/quRp62y13B9oOXF8qjPX.ttf	العربية	Changa Regular
DGModal3at	ar	مدلعات	DG Modal3at	https://storage.appchief.dev/fonts/February2024/CUVzIfs78lyWLY883MDj.ttf	العربية	DG Modal3at
DGModal3at-Bold	ar	مدلعات	DG Modal3at	https://storage.appchief.dev/fonts/February2024/hNJPQq89F8iol8gjQQEC.ttf	العربية	DG Modal3at Bold
DGKufi	ar	دي جي كوفي	DG Kufi	https://storage.appchief.dev/fonts/August2023/RIWAvrim7shwhaqn5n4F.ttf	العربية	DG Kufi
ZahraArabic-Bold	ar	زهرة	Zahra Arabic	https://storage.appchief.dev/fonts/December2021/zmEke2K8DHEBqwTtl6YH.ttf	العربية	ZahraArabic-Bold
beINNormal	ar	بي إن	beINNormal	https://storage.appchief.dev/fonts/December2021/t5mKcMgPsJD3S2ZPHL1q.ttf	العربية	beINNormal
SmartManArt	ar	سمارت	SmartManArt	https://storage.appchief.dev/fonts/December2021/7jQxMt4eQcHyDxD56UZz.ttf	العربية	SmartManArt
GESSTextLight-Light	ar	جي إس إس	GE SS Text	https://storage.appchief.dev/fonts/December2021/vAqv4hgGdPuV5jIHiRAI.ttf	العربية	GESSTextLight-Light
AraAlmBon-Regular	ar	بون	Ara Alm Bon	https://storage.appchief.dev/fonts/April2021/1a4Sz1nP2GlfzmUQAAIk.otf	العربية	Ara Alm Bon
SpiritOfDoha-Black	ar	روح الدوحة	Spirit Of Doha	https://storage.appchief.dev/fonts/February2021/5nBWC6Q5C654DzzrsbEx.otf	العربية	Spirit Of Doha Black
AGoldan	ar	جولدان	A Goldan	https://storage.appchief.dev/fonts/February2021/fJ0W82b5HU0MqVf5IDMP.ttf	العربية	A Goldan
Andalus	ar	أندلس	Andalus	https://storage.appchief.dev/fonts/February2021/URxrIt4HFdRtLu3AU277.ttf	العربية	Andalus
ElMessiri-Regular	ar	المسيري	El Messiri	https://storage.appchief.dev/fonts/February2021/dpTt2PqTswAkRUqmYmhF.ttf	العربية	El Messiri
Granada	ar	غرناطة	Granada	https://storage.appchief.dev/fonts/February2021/4QRb3lBQY9pvoO5gSiLj.ttf	العربية	Granada
HacenCasablancaHd	ar	حسن كازابلانكا	Hacen Casablanca Hd	https://storage.appchief.dev/fonts/February2021/JyiuwSAoxclBpm8lJQ3r.ttf	العربية	Hacen Casablanca Hd
HacenCasablanca	ar	حسن كازابلانكا	Hacen Casablanca	https://storage.appchief.dev/fonts/February2021/aBOkZleaxeNjQJud0bFS.ttf	العربية	Hacen Casablanca
HasanHiba	ar	حسن هبة	Hasan Hiba	https://storage.appchief.dev/fonts/February2021/6WVcVQGPWXTrbklyqNAo.ttf	العربية	Hasan Hiba
Hayah	ar	حياة	Hayah	https://storage.appchief.dev/fonts/February2021/nNzUF0qQofEjIf7dgELA.ttf	العربية	Hayah
HSN_Naskh_farisi	ar	نسخ فارسي	HSN Naskh farisi	https://storage.appchief.dev/fonts/February2021/XDXu0pefXmCnIP9YYx0H.ttf	العربية	HSN Naskh farisi
HSN_Golden	ar	ذهبي	HSN Golden	https://storage.appchief.dev/fonts/February2021/BKv8CMSzCTGID8x4AJef.ttf	العربية	HSN Golden
IRANDorandis	ar	دورانديش	IRANDorandis	https://storage.appchief.dev/fonts/February2021/bRRROYUFijOY2pEYDI5h.ttf	العربية	IRANDorandis
PHKhalid-Regular	ar	خالد	Khaled Font	https://storage.appchief.dev/fonts/February2021/SUsBe7ZOQnnzbJ4ggvBN.ttf	العربية	Khaled Font
djadliOTFmaghribidjadid	ar	مغربي جديد	djadli_OTFmaghribidjadid	https://storage.appchief.dev/fonts/February2021/oPJvuRvxD5HeE4kfnMnF.ttf	العربية	djadli_OTFmaghribidjadid
Mj_Faten	ar	فاتن	Mj_Faten	https://storage.appchief.dev/fonts/February2021/vIK1COmeh0S85aPDhff1.ttf	العربية	Mj_Faten
HSN_Sara	ar	سارة	HSN Sara	https://storage.appchief.dev/fonts/February2021/RmQs27S2kaEm7wxxKxbh.ttf	العربية	HSN Sara
Sukar-black	ar	سكر	Sukar black	https://storage.appchief.dev/fonts/February2021/uo5aWIBmcEKqxqfTok5Z.ttf	العربية	Sukar black
ReemKufi-Regular	ar	ريم كوفي	Reem Kufi	https://storage.appchief.dev/fonts/url/2sDcZGJLip7W2J7v7wQDb2-4C7wFZQ.ttf	العربية	Reem Kufi Regular
TanseekModernProArabic-Medium	ar	تنسيق	Tanseek Modern Pro Arabic	https://storage.appchief.dev/fonts/February2021/oixyAqytXJozIGEfgQJP.ttf	العربية	Tanseek Modern Pro Arabic Medium
Sheba	ar	سبأ	Sheba	https://storage.appchief.dev/fonts/February2021/FcGF1seRZ6JTWThcwOCH.ttf	العربية	Sheba
Lemonada-Regular	ar	ليمونادة	Lemonada	https://storage.appchief.dev/fonts/url/0QI-MXFD9oygTWy_R-FFlwV-bgfR7QJGeut2mfWc3Z2pTg.ttf	العربية	Lemonada
Lemonada-Bold	ar	ليمونادة	Lemonada	https://storage.appchief.dev/fonts/url/0QI-MXFD9oygTWy_R-FFlwV-bgfR7QJGnex2mfWc3Z2pTg.ttf	العربية	Lemonada Bold
TSMorabaatV2-Light	ar	مربعات	TS Morabaat V2	https://storage.appchief.dev/fonts/February2021/TJ0vPYPadJZka8By3YJw.otf	العربية	TS Morabaat V2 Light
TSMorabaatV2-Regular	ar	مربعات	TS Morabaat V2	https://storage.appchief.dev/fonts/February2021/mGUfhMzm8LiTs0DwDsdU.otf	العربية	TS Morabaat V2 Regular
TSMorabaatV2-DemiBold	ar	مربعات	TS Morabaat V2	https://storage.appchief.dev/fonts/February2021/KS6WHBFBmsZNRQoXjFja.otf	العربية	TS Morabaat V2 DemiBold
TSMorabaatV2-Bold	ar	مربعات	TS Morabaat V2	https://storage.appchief.dev/fonts/February2021/VBumM9Dpydqalre0boWR.otf	العربية	TS Morabaat V2 Bold
TSMorabaatV2-Black	ar	مربعات	TS Morabaat V2	https://storage.appchief.dev/fonts/February2021/wJD2iJLYrKxl5gAI7Yye.otf	العربية	TS Morabaat V2 Black
Cairo-ExtraLight	ar	القاهرة	Cairo	https://storage.appchief.dev/fonts/March2021/SFAcHxWVk8O4r8vY6cEx.ttf	العربية	Cairo ExtraLight
Cairo-Light	ar	القاهرة	Cairo	https://storage.appchief.dev/fonts/March2021/VY3IzpKS78qBHAOcDsQS.ttf	العربية	Cairo Light
Cairo-Regular	ar	القاهرة	Cairo	https://storage.appchief.dev/fonts/March2021/WQSJJvQHk9QKpFwFExwm.ttf	العربية	Cairo Regular
Cairo-SemiBold	ar	القاهرة	Cairo	https://storage.appchief.dev/fonts/March2021/M8AZzqaBBtIcd1csKo3m.ttf	العربية	Cairo SemiBold
Cairo-Bold	ar	القاهرة	Cairo	https://storage.appchief.dev/fonts/March2021/adJxice6bgnNmfPn5MKZ.ttf	العربية	Cairo Bold
Cairo-Black	ar	القاهرة	Cairo	https://storage.appchief.dev/fonts/March2021/ByFK7zMQ3TWbVIX0GWz1.ttf	العربية	Cairo Black
BIXIE	ar	بيكسي	BIXIE	https://storage.appchief.dev/fonts/December2024/SX4VCWTmQ7Zl4J42MohH.ttf	العربية	BIXIE
Harmattan-Bold	ar	هارماتان	Harmattan	https://storage.appchief.dev/fonts/October2024/xXVznthhh7h6rGWpGYHl.ttf	العربية	Harmattan Bold
Harmattan-Regular	ar	هارماتان	Harmattan	https://storage.appchief.dev/fonts/October2024/WFbEVGATyMLIxFMAXOir.ttf	العربية	Harmattan
Ruwudu-Medium	ar	رودو	Ruwudu	https://storage.appchief.dev/fonts/April2024/Jhy3KTRmf8PVxKT8WI5U.ttf	العربية	Ruwudu Medium
Ruwudu-Regular	ar	رودو	Ruwudu	https://storage.appchief.dev/fonts/April2024/yuUI8ZPKEAct9OVddroG.ttf	العربية	Ruwudu
Ruwudu-Bold	ar	رودو	Ruwudu	https://storage.appchief.dev/fonts/April2024/FAy5C6wcjGXgflGbz5ZQ.ttf	العربية	Ruwudu Bold
Ruwudu-SemiBold	ar	رودو	Ruwudu	https://storage.appchief.dev/fonts/April2024/k7MrqIo8EShNvjS6OlHb.ttf	العربية	Ruwudu SemiBold
Marhey-Regular	ar	مرحي	Marhey	https://storage.appchief.dev/fonts/May2024/vlVTl3ClsC1eiZWXEjMg.ttf	العربية	Marhey Regular
Marhey-Medium	ar	مرحي	Marhey	https://storage.appchief.dev/fonts/May2024/lMrCTZh0rFoBI4l5Ww4I.ttf	العربية	Marhey Medium
Marhey-Bold	ar	مرحي	Marhey	https://storage.appchief.dev/fonts/May2024/J3gAhLrRGO1gMxXJfBft.ttf	العربية	Marhey Bold
DGEnab	ar	عنب	DG Enab	https://storage.appchief.dev/fonts/November2023/S9ODFRBsoMg7ritcE3nO.ttf	العربية	DG Enab
DG3asomy	ar	عصومي	DG 3asomy	https://storage.appchief.dev/fonts/December2023/E7IdpLyy5hbDv9UXqRCP.ttf	العربية	DG 3asomy
DG3asomy-Thin	ar	عصومي	DG 3asomy	https://storage.appchief.dev/fonts/December2023/TQgdgRQ7GOaUHHmSEKBE.ttf	العربية	DG 3asomy Thin
DGNemrV.0	ar	نمر	DG Nemr V.0	https://storage.appchief.dev/fonts/January2024/P1V541BrrBflIt5QvSd1.ttf	العربية	DG Nemr V.0
DGForsha	ar	فرشة	DG Forsha	https://storage.appchief.dev/fonts/February2024/UR8eTLj8uoc0zbR4g4vn.ttf	العربية	DG Forsha
DGForshaScribble	ar	فرشة	DG Forsha Scribble	https://storage.appchief.dev/fonts/February2024/GQZMuG2DPrZTtZdMls6n.ttf	العربية	DG Forsha Scribble
VLAX	ar	فلاكس	VLAX	https://storage.appchief.dev/fonts/February2024/EBvx6HKLmOyvqkdzoJ3b.ttf	العربية	VLAX
VLAXitalic-Italic	ar	فلاكس	VLAX	https://storage.appchief.dev/fonts/February2024/sy8BU3o5aBmZ7PtqPDRe.ttf	العربية	VLAX italic Italic
DGGhayaty-Thin	ar	غايتي	DG Ghayaty	https://storage.appchief.dev/fonts/February2024/pPmQpLCd7NyEqsmqZAA2.ttf	العربية	DG Ghayaty Thin
DGGhayaty	ar	غايتي	DG Ghayaty	https://storage.appchief.dev/fonts/February2024/wOSFCd4nm5F3gtXTvpE4.ttf	العربية	DG Ghayaty
DGGhayaty-Bold	ar	غايتي	DG Ghayaty	https://storage.appchief.dev/fonts/February2024/tBRmVFdzK4epciPJEnq9.ttf	العربية	DG Ghayaty Bold
DGBebo-Thin	ar	بيبو	DG Bebo	https://storage.appchief.dev/fonts/March2024/cRY4k43aqP32sTnuDMfF.ttf	العربية	DG Bebo Thin
DGBebo-Bold	ar	بيبو	DG Bebo	https://storage.appchief.dev/fonts/March2024/6EnH2leaAsdn6sDUHp1n.ttf	العربية	DG Bebo Bold
TSAnamil-Regular	ar	أنامل	TS Anamil	https://storage.appchief.dev/fonts/August2023/GFMkpiINJaQ1h6bKc8Xr.ttf	العربية	TS Anamil Regular
TSAnamil-Bold	ar	أنامل	TS Anamil	https://storage.appchief.dev/fonts/August2023/oyNrke7jHHVrvZd8ukkw.ttf	العربية	TS Anamil Bold
Alnaseeb-Regular	ar	النسيب	Alnaseeb	https://storage.appchief.dev/fonts/August2023/6oy6JJyXLeqCn0rco5H9.ttf	العربية	Alnaseeb Regular
DGAqsa	ar	الأقصى	DG Aqsa	https://storage.appchief.dev/fonts/August2023/qPiyeidWCfOMhFwPGg8p.ttf	العربية	DG Aqsa
DGAqsa-Italic	ar	الأقصى	DG Aqsa	https://storage.appchief.dev/fonts/August2023/B7ToJi4QUxjP8McKLcN3.ttf	العربية	DG Aqsa Italic
Letellka-Light	ar	ليتيلكا	Letellka	https://storage.appchief.dev/fonts/March2022/aDIQybHF4uX5J3qqFtJW.otf	العربية	Letellka Light
RB-Regular	ar	آر بي	RB	https://storage.appchief.dev/fonts/August2022/hEukSmBbu7x9wqwMiWkb.ttf	العربية	RB
RB-Bold	ar	آر بي	RB	https://storage.appchief.dev/fonts/August2022/tRolvNibAI1ZcwcSVNoG.ttf	العربية	RB Bold
VIPRawyRegular	ar	راوي	VIP Rawy	https://storage.appchief.dev/fonts/December2021/uiPB0tFMyyOwh4RrWa1J.otf	العربية	VIP Rawy Regular
VIPRawyThin-Thin	ar	راوي	VIP Rawy	https://storage.appchief.dev/fonts/December2021/Vl46lVmgrShQ3gdG1GYb.ttf	العربية	VIPRawyThin-Thin
VIPRawyBold-Bold	ar	راوي	VIP Rawy	https://storage.appchief.dev/fonts/December2021/kR1J3ciWA4S029AeJvIu.ttf	العربية	VIPRawyBold-Bold
LHLamarPro-Regular	ar	لامار	LH Lamar Pro	https://storage.appchief.dev/fonts/December2021/XG8h4XNZNbS6vz8wnwvr.ttf	العربية	LHLamarPro-Regular
VIPSbgh	ar	صبغ	VIPSbgh	https://storage.appchief.dev/fonts/December2021/rs0EpRlTqaLxYegp9v3z.ttf	العربية	VIPSbgh
VIPHalaBold-VIPHalaBold	ar	هلا	VIP Hala	https://storage.appchief.dev/fonts/July2021/LJMoY2O8UIK3P5qw8cqP.otf	العربية	VIP Hala Bold VIP Hala Bold
29LTHazal-Normal	ar	هازال	29LT Hazal Normal	https://storage.appchief.dev/fonts/February2021/kRryeDeIcnQSZaEJZuZi.ttf	العربية	29LT Hazal Normal
AfsanehFont	ar	أفسانة	Afsaneh Font	https://storage.appchief.dev/fonts/February2021/Gn4R5UrVBG2llSmCtdKj.ttf	العربية	Afsaneh Font
Alnaqaaa-R	ar	النقاء	Alnaqaaa R	https://storage.appchief.dev/fonts/February2021/loQfe8YIWH9IssRODZc0.ttf	العربية	Alnaqaaa R
BKamranOutline	ar	كامران	B Kamran Outline	https://storage.appchief.dev/fonts/February2021/165MPHXfbFkNv1B7tJ6E.ttf	العربية	B Kamran Outline
BKoodakOutline	ar	كودك	B Koodak Outline	https://storage.appchief.dev/fonts/February2021/lkoj19815iw6zVXfCJhq.ttf	العربية	B Koodak Outline
ADastNevis	ar	دست نويس	A Dast Nevis	https://storage.appchief.dev/fonts/February2021/n3hFnQ0IU1rnZXUAMzTN.ttf	العربية	A Dast Nevis
Dima	ar	ديما	Dima Font	https://storage.appchief.dev/fonts/February2021/tiEcakCdzQF67jbGqCaA.ttf	العربية	Dima Font
FFBouya-Normal	ar	بويا	FF Bouya Normal	https://storage.appchief.dev/fonts/February2021/CzPLCVrEseHqnGBzsKKE.otf	العربية	FF Bouya Normal
FFBouya-Messy	ar	بويا	FF Bouya Messy	https://storage.appchief.dev/fonts/February2021/UFK1AENkFODCYq1HJNDL.otf	العربية	FF Bouya Messy
FFHekaya-Light	ar	حكاية	FF Hekaya	https://storage.appchief.dev/fonts/February2021/Qw6cllTgyisH9jgQ53O3.otf	العربية	FF Hekaya Light
FFYaseer-Regular	ar	يسير	FF Yaseer	https://storage.appchief.dev/fonts/February2021/QwmM6GDJyoXj5ZzdazRc.otf	العربية	FF Yaseer
Kharabeesh	ar	خرابيش	Kharabeesh Normal Font	https://storage.appchief.dev/fonts/February2021/4mZ8hcijmaxTjDPO6PzP.ttf	العربية	Kharabeesh Normal Font
18KhebratMusamimBold	ar	خبرات مصمم	18 Khebrat Musamim	https://storage.appchief.dev/fonts/February2021/sNd0ZCJzzripo62G3N52.ttf	العربية	18 Khebrat Musamim Bold
ANegaar	ar	نيكار	Neckar	https://storage.appchief.dev/fonts/February2021/IDdPTlpZaJrihGLOZAxR.ttf	العربية	Neckar Regular
ToyorAljanah	ar	طيور الجنة	ToyorAljanah	https://storage.appchief.dev/fonts/February2021/mOJcYJ0iRf2q6pH20eWF.otf	العربية	ToyorAljanah
VIPArabicTypo	ar	تايبو	VIP Arabic Typo	https://storage.appchief.dev/fonts/February2021/bYRWImwQvouQo3QvRw7R.ttf	العربية	VIP Arabic Typo
VIPTIM-Thin	ar	تيم	VIP TIM	https://storage.appchief.dev/fonts/July2021/ZTpg68TRNeBCcvzsKUjX.ttf	العربية	VIP TIM Thin
VIPTIM-Regular	ar	تيم	VIP TIM	https://storage.appchief.dev/fonts/July2021/zuKjd3PxD786jdUWnX7g.ttf	العربية	VIP TIM Regular
VIPTIM-Bold	ar	تيم	VIP TIM	https://storage.appchief.dev/fonts/July2021/aFokSRymVXFDNMEx6oNo.ttf	العربية	VIP TIM Bold
VIPTIM-Black	ar	تيم	VIP TIM	https://storage.appchief.dev/fonts/July2021/C8EqBi49IrfXMOL3kiT7.ttf	العربية	VIP TIM Black
Golften-Regular	en	Golften	Golften	https://storage.appchief.dev/fonts/July2025/WsFL3xbLfIbyiIldUzIx.ttf	الانجليزية	Golften Regular
Golften-Italic	en	Golften	Golften	https://storage.appchief.dev/fonts/July2025/urknk0edaagC8Mj6lNzP.ttf	الانجليزية	Golften Italic
SlombeBlock-Regular	en	Slombe Block	Slombe Block	https://storage.appchief.dev/fonts/August2025/1ggtXI4970hWBGzcgNyb.ttf	الانجليزية	Slombe Block Regular
SlombeOutline-Regular	en	Slombe Outline	Slombe Outline	https://storage.appchief.dev/fonts/August2025/Ol1FNfDxKhd0o8XswvAD.ttf	الانجليزية	Slombe Outline Regular
Slombe-Regular	en	Slombe	Slombe	https://storage.appchief.dev/fonts/August2025/hTD3PQ6pAZ4jX1kbYKP4.ttf	الانجليزية	Slombe Regular
MontaguSlab-Bold	en	Montagu Slab	Montagu Slab	https://storage.appchief.dev/fonts/August2025/7nfAxY4lNzK7zbQQokAR.ttf	الانجليزية	Montagu Slab Bold
PlaywriteUSModern-Regular	en	Playwrite US Modern	Playwrite US Modern	https://storage.appchief.dev/fonts/September2025/G52Jf65ARxRGSoWs9t4V.ttf	الانجليزية	Playwrite US Modern Regular
Wittgenstein-Regular	en	Wittgenstein	Wittgenstein	https://storage.appchief.dev/fonts/September2025/buIWw8lwMOZQZ9JdCkXe.ttf	الانجليزية	Wittgenstein Regular
VastShadow-Regular	en	Vast Shadow	Vast Shadow	https://storage.appchief.dev/fonts/September2025/zxooRXbg1TU9rlLUDSX3.ttf	الانجليزية	Vast Shadow Regular
StalinistOne-Regular	en	Stalinist One	Stalinist One	https://storage.appchief.dev/fonts/September2025/nj3FGybGdt5At9SyJz1O.ttf	الانجليزية	Stalinist One
AbrilFatface-Regular	en	Abril Fatface	Abril Fatface	https://storage.appchief.dev/fonts/October2025/k72MrDq7d49xUlUFMv3C.ttf	الانجليزية	Abril Fatface
AlfaSlabOne-Regular	en	Alfa Slab One	Alfa Slab One	https://storage.appchief.dev/fonts/November2025/ol6Rs624KPI0ma5fK1oY.ttf	الانجليزية	Alfa Slab One Regular
GildaDisplay-Regular	en	Gilda Display	Gilda Display	https://storage.appchief.dev/fonts/November2025/nGtBUJH1H7nj3vK60JUk.ttf	الانجليزية	Gilda Display Regular
Roboto-Regular	en	Roboto	Roboto	https://storage.appchief.dev/fonts/November2024/yuXevJjygZxCcdyZSPIi.ttf	الانجليزية	Roboto
Roboto-Medium	en	Roboto	Roboto	https://storage.appchief.dev/fonts/November2024/oTAq3YyS8mJZyBfIJH2C.ttf	الانجليزية	Roboto Medium
Roboto-Bold	en	Roboto	Roboto	https://storage.appchief.dev/fonts/November2024/i8uldHImeljTooKsLomn.ttf	الانجليزية	Roboto Bold
Lemon-Regular	en	Lemon	Lemon	https://storage.appchief.dev/fonts/January2024/nAbGvCLzDxFAAOVCdhN2.ttf	الانجليزية	Lemon Regular
Jersey15-Regular	en	Jersey 15	Jersey 15	https://storage.appchief.dev/fonts/April2024/QIhSFCmCH62F6RKh1TNF.ttf	الانجليزية	Jersey 15 Regular
PROMESH-TwoFast	en	PROMESH Two Fast	PROMESH Two Fast	https://storage.appchief.dev/fonts/April2021/NBU7S7dsIiUTgHIMeQFL.ttf	الانجليزية	PROMESH Two Fast
PROMESH-Two	en	PROMESH Two	PROMESH Two	https://storage.appchief.dev/fonts/April2021/xlRvgQf8GuOi9llceXHP.ttf	الانجليزية	PROMESH Two
TimesNewRomanPSMT	en	Times New Roman	Times New Roman	https://storage.appchief.dev/fonts/February2021/luCCzRO5CYl66CtKnS0p.ttf	الانجليزية	Times New Roman
TimesNewRomanPS-BoldMT	en	Times New Roman	Times New Roman	https://storage.appchief.dev/fonts/February2021/A9B6iC0gQiDGiQHVX8JD.ttf	الانجليزية	Times New Roman Bold
TimesNewRomanPS-ItalicMT	en	Times New Roman	Times New Roman	https://storage.appchief.dev/fonts/February2021/4lnXg4Xvonp5Yrv4zX1a.ttf	الانجليزية	Times New Roman Italic
TimesNewRomanPS-BoldItalicMT	en	Times New Roman	Times New Roman	https://storage.appchief.dev/fonts/February2021/vg9jlYpaoivobyebwRhK.ttf	الانجليزية	Times New Roman Bold Italic
Vidaloka-Regular	en	Vidaloka	Vidaloka	https://storage.appchief.dev/fonts/url/7cHrv4c3ipenMKlEass8yn4hnCci.ttf	الانجليزية	Vidaloka 
PlayfairDisplaySC-Regular	en	Playfair Display SC	Playfair Display SC	https://storage.appchief.dev/fonts/url/ke85OhoaMkR6-hSn7kbHVoFf7ZfgMPr_pb4GEcM2M4s.ttf	الانجليزية	Playfair Display SC Regular
Imbue10pt-Regular	en	Imbue	Imbue	https://storage.appchief.dev/fonts/url/RLpXK5P16Ki3fXhj5cvGrqjocPk4n-gVX3M93TnrnvhoP8iXfOsNNK-Q4xY.ttf	الانجليزية	Imbue 10pt Regular
Texturina12pt-Regular	en	Texturina	Texturina	https://storage.appchief.dev/fonts/url/c4mM1nxpEtL3pXiAulRTkY-HGmNEX1b9NspjMwhAgliHhVrXy2eYGvUg25riW1OD.ttf	الانجليزية	Texturina 12pt Regular
RozhaOne-Regular	en	Rozha One	Rozha One	https://storage.appchief.dev/fonts/url/AlZy_zVFtYP12Zncg2khdXf4XB0Tow.ttf	الانجليزية	Rozha One Regular
Kurale-Regular	en	Kurale	Kurale	https://storage.appchief.dev/fonts/url/4iCs6KV9e9dXjho6eAT3v02QFg.ttf	الانجليزية	Kurale Regular
CormorantUpright-Regular	en	Cormorant Upright	Cormorant Upright	https://storage.appchief.dev/fonts/url/VuJrdM3I2Y35poFONtLdafkUCHw1y2vVjjTkeMnz.ttf	الانجليزية	Cormorant Upright Regular
Italiana-Regular	en	Italiana	Italiana	https://storage.appchief.dev/fonts/url/QldNNTtLsx4E__B0XTmRY31Wx7Vv.ttf	الانجليزية	Italiana
Almendra-Regular	en	Almendra	Almendra	https://storage.appchief.dev/fonts/url/H4ckBXKAlMnTn0CskyY6wr-wg763.ttf	الانجليزية	Almendra Regular
AlmendraSC-Regular	en	Almendra SC	Almendra SC	https://storage.appchief.dev/fonts/url/Iure6Yx284eebowr7hbyTZZJprVA4XQ0.ttf	الانجليزية	Almendra SC Regular
Cinzel-Regular	en	Cinzel	Cinzel	https://storage.appchief.dev/fonts/url/8vIU7ww63mVu7gtR-kwKxNvkNOjw-tbnTYrvDE5ZdqU.ttf	الانجليزية	Cinzel Regular
Agne-Regular	en	Agne	Agne	https://storage.appchief.dev/fonts/February2021/4qTJcPvIMFBbIWOsbcII.otf	الانجليزية	Agne
Ultra-Regular	en	Ultra	Ultra	https://storage.appchief.dev/fonts/url/zOLy4prXmrtY-tT6yLOD6NxF.ttf	الانجليزية	Ultra Regular
AveriaSerifLibre-Regular	en	Averia Serif Libre	Averia Serif Libre	https://storage.appchief.dev/fonts/url/neIWzD2ms4wxr6GvjeD0X88SHPyX2xY-pQGOyYw2fw.ttf	الانجليزية	Averia Serif Libre Regular
RobotoSlab-Medium	en	Roboto Slab	Roboto Slab	https://storage.appchief.dev/fonts/url/BngbUXZYTXPIvIBgJJSb6s3BzlRRfKOFbvjovoSWaG5iddG-1A.ttf	الانجليزية	Roboto Slab Medium
MorningGlory	en	Morning Glory	Morning Glory	https://storage.appchief.dev/fonts/March2022/gxkDKorv3zmdKWwytV5l.ttf	الانجليزية	Morning Glory
Actor-Regular	en	Actor	Actor	https://storage.appchief.dev/fonts/August2025/M4nI62AvyVnnWtOD1qJt.ttf	الانجليزية	Actor Regular
Cagliostro-Regular	en	Cagliostro	Cagliostro	https://storage.appchief.dev/fonts/September2025/AY6UCAvhUaGmPOS76vf1.ttf	الانجليزية	Cagliostro Regular
Philosopher-Regular	en	Philosopher	Philosopher	https://storage.appchief.dev/fonts/September2025/AG7z5zSNSuuRb7qoUvwX.ttf	الانجليزية	Philosopher Regular
Philosopher-Bold	en	Philosopher	Philosopher	https://storage.appchief.dev/fonts/September2025/SiON0kDxQhTs6u8kSCbN.ttf	الانجليزية	Philosopher Bold
Philosopher-Italic	en	Philosopher	Philosopher	https://storage.appchief.dev/fonts/September2025/eZE2zjOx1kSivW39WAhe.ttf	الانجليزية	Philosopher Italic
SquadaOne-Regular	en	Squada One	Squada One	https://storage.appchief.dev/fonts/October2025/nCnLV6djnRyonB03WqGH.ttf	الانجليزية	Squada One
BricolageGrotesque-96ptExtraBold	en	Bricolage Grotesque	Bricolage Grotesque	https://storage.appchief.dev/fonts/October2025/wSYYy1SvvnakglmlDjCH.ttf	الانجليزية	Bricolage Grotesque 96pt ExtraBold
DarkerGrotesque-Regular	en	Darker Grotesque	Darker Grotesque	https://storage.appchief.dev/fonts/March2024/IvUCGmELHuj5F7L9wIrb.ttf	الانجليزية	Darker Grotesque Regular
DarkerGrotesque-Bold	en	Darker Grotesque	Darker Grotesque	https://storage.appchief.dev/fonts/March2024/1oUblJHY2mn4SGwK6fe2.ttf	الانجليزية	Darker Grotesque Bold
DarkerGrotesque-Black	en	Darker Grotesque	Darker Grotesque	https://storage.appchief.dev/fonts/March2024/07RaSVvjvYgdbbrDEWDU.ttf	الانجليزية	Darker Grotesque Black
OpenSans-Regular	en	Open Sans	Open Sans	https://storage.appchief.dev/fonts/July2024/fiXTFfu4RcUOXiSYsWs2.ttf	الانجليزية	Open Sans Regular
Poppins-Regular	en	Poppins	Poppins	https://storage.appchief.dev/fonts/February2023/HZ4ZnBZnpvIOGNOm9s2d.ttf	الانجليزية	Poppins Regular
BebasNeue-Regular	en	Bebas Neue	Bebas Neue	https://storage.appchief.dev/fonts/February2023/bnd6HcSDMQK9G9pDRxB0.ttf	الانجليزية	Bebas Neue Regular
Montserrat-Thin	en	Montserrat	Montserrat	https://storage.appchief.dev/fonts/url/JTUQjIg1_i6t8kCHKm45_QphziTn89dtpQ.ttf	الانجليزية	Montserrat Thin
Montserrat-Regular	en	Montserrat	Montserrat	https://storage.appchief.dev/fonts/url/JTUSjIg1_i6t8kCHKm45xW5rygbi49c.ttf	الانجليزية	Montserrat Regular
Montserrat-Black	en	Montserrat	Montserrat	https://storage.appchief.dev/fonts/url/JTURjIg1_i6t8kCHKm45_epG7g7J_950vCo.ttf	الانجليزية	Montserrat Black
MontserratAlternates-Regular	en	Montserrat Alternates	Montserrat Alternates	https://storage.appchief.dev/fonts/url/mFTvWacfw6zH4dthXcyms1lPpC8I_b0juU0J7K3RCJ1b0w.ttf	الانجليزية	Montserrat Alternates Regular
MontserratSubrayada-Regular	en	Montserrat Subrayada	Montserrat Subrayada	https://storage.appchief.dev/fonts/url/U9MD6c-o9H7PgjlTHThBnNHGVUORwteQQE8LYuceqGT-.ttf	الانجليزية	MontserratSubrayada-Regular
Raleway-Regular	en	Raleway	Raleway	https://storage.appchief.dev/fonts/url/1Ptxg8zYS_SKggPN4iEgvnHyvveLxVvaooCPNLA3JC9c.ttf	الانجليزية	Raleway Regular
Teko-Regular	en	Teko	Teko	https://storage.appchief.dev/fonts/url/LYjNdG7kmE0gTaR3pCtBtVs.ttf	الانجليزية	Teko Regular
Abel-Regular	en	Abel	Abel	https://storage.appchief.dev/fonts/url/MwQ5bhbm2POE6VhLPJp6qGI.ttf	الانجليزية	Abel Regular
SixCaps	en	Six Caps	Six Caps	https://storage.appchief.dev/fonts/url/6ae_4KGrU7VR7bNmabcS9XXaPCop.ttf	الانجليزية	Six Caps
KiteOne-Regular	en	Kite One	Kite One	https://storage.appchief.dev/fonts/url/70lQu7shLnA_E02vyq1b6HnGO4uA.ttf	الانجليزية	Kite One
WireOne	en	Wire One	Wire One	https://storage.appchief.dev/fonts/url/qFdH35Wah5htUhV75WGiWdrCwwcJ.ttf	الانجليزية	Wire One
Dorsa-Regular	en	Dorsa	Dorsa	https://storage.appchief.dev/fonts/url/yYLn0hjd0OGwqo493XCFxAnQ.ttf	الانجليزية	Dorsa
RumRaisin-Regular	en	Rum Raisin	Rum Raisin	https://storage.appchief.dev/fonts/url/nwpRtKu3Ih8D5avB4h2uJ3-IywA7eMM.ttf	الانجليزية	Rum Raisin
DotGothic16-Regular	en	DotGothic16	DotGothic16	https://storage.appchief.dev/fonts/url/v6-QGYjBJFKgyw5nSoDAGE7L435YPFrT.ttf	الانجليزية	DotGothic16 Regular
Stick-Regular	en	Stick	Stick	https://storage.appchief.dev/fonts/url/Qw3TZQpMCyTtJSvfvPVDMPoF.ttf	الانجليزية	Stick Regular
Apple-Chancery	en	Apple Chancery	Apple Chancery	https://storage.appchief.dev/fonts/February2021/KQQ3D8syANyIJAPBW0qe.ttf	الانجليزية	Apple Chancery
MazzardH-Black	en	Mazzard H	Mazzard H	https://storage.appchief.dev/fonts/February2021/zKLwzUv45kq3g46wY2BI.otf	الانجليزية	Mazzard H Black
MazzardH-BlackItalic	en	Mazzard H	Mazzard H	https://storage.appchief.dev/fonts/February2021/BY4jBY7OGjxb6QHQakfG.otf	الانجليزية	Mazzard H Black Italic
Silka-Regular	en	Silka	Silka	https://storage.appchief.dev/fonts/February2021/brsTGIbnYr7Hpro9QUDX.otf	الانجليزية	Silka Regular
Silka-RegularItalic	en	Silka	Silka	https://storage.appchief.dev/fonts/February2021/wtqThZOTSABWT7GI7ZlF.otf	الانجليزية	Silka Regular Italic
KotoriRose-Bold	en	Kotori Rose	Kotori Rose	https://storage.appchief.dev/fonts/February2021/pEOlo0GMVWgJ4fs59FHW.otf	الانجليزية	KotoriRose-Bold
KotoriRose-Regular	en	Kotori Rose	Kotori Rose	https://storage.appchief.dev/fonts/February2021/pBrkeuYhKECgJyBpW0mw.otf	الانجليزية	KotoriRose-Regular
Moon2.0-Bold	en	Moon 2.0	Moon 2.0	https://storage.appchief.dev/fonts/February2021/N0gBQhk1Fsa4MlVxjDrs.otf	الانجليزية	Moon 2.0 Bold
Moon2.0-Light	en	Moon 2.0	Moon 2.0	https://storage.appchief.dev/fonts/February2021/W2SkUzAfd444pHCHQovh.otf	الانجليزية	Moon 2.0 Light
Moon2.0-Regular	en	Moon 2.0	Moon 2.0	https://storage.appchief.dev/fonts/February2021/9fRufg5Yj9KaXsmKSbX5.otf	الانجليزية	Moon 2.0 Regular
RobotoMono-Regular	en	Roboto Mono	Roboto Mono	https://storage.appchief.dev/fonts/July2024/Id4XTsHA4SC7asXTQ4jm.ttf	الانجليزية	Roboto Mono Regular
RobotoMono-Italic	en	Roboto Mono	Roboto Mono	https://storage.appchief.dev/fonts/July2024/7r9VDdhz2pVOE4t71v70.ttf	الانجليزية	Roboto Mono Italic
MajorMonoDisplay-Regular	en	Major Mono Display	Major Mono Display	https://storage.appchief.dev/fonts/url/RWmVoLyb5fEqtsfBX9PDZIGr2tFubRhLCn2QIndPww.ttf	الانجليزية	Major Mono Display Regular
XanhMono-Italic	en	Xanh Mono	Xanh Mono	https://storage.appchief.dev/fonts/url/R70ejykVmvKCep-vWhSomgqUfTfxTo24.ttf	الانجليزية	Xanh Mono Italic
CutiveMono-Regular	en	Cutive Mono	Cutive Mono	https://storage.appchief.dev/fonts/url/m8JWjfRfY7WVjVi2E-K9H5RFRG-K3Mud.ttf	الانجليزية	Cutive Mono Regular
AndaleMono	en	Andale Mono	Andale Mono	https://storage.appchief.dev/fonts/February2021/p3YBZObm96j5tPFjrI8i.ttf	الانجليزية	Andale Mono
CourierNewPS-BoldItalicMT	en	Courier New	Courier New	https://storage.appchief.dev/fonts/February2021/UJEL1P1ZFhEC4psAJ8Fc.ttf	الانجليزية	Courier New Bold Italic
CourierNewPS-BoldMT	en	Courier New	Courier New	https://storage.appchief.dev/fonts/February2021/b7rioP8fVuqR0rl1hCrt.ttf	الانجليزية	Courier New Bold
CourierNewPS-ItalicMT	en	Courier New	Courier New	https://storage.appchief.dev/fonts/February2021/h9KYRdtFgyrbZRrq8QSr.ttf	الانجليزية	Courier New Italic
CourierNewPSMT	en	Courier New	Courier New	https://storage.appchief.dev/fonts/February2021/x7lJTRoHdzr8u5XXYJ3W.ttf	الانجليزية	Courier New
DINAlternate-Bold	en	DIN Alternate	DIN Alternate	https://storage.appchief.dev/fonts/February2021/ymJnfRAORrr3IDJc3gjQ.ttf	الانجليزية	DIN Alternate Bold
PlaywriteBEVLG-Regular	en	Playwrite BE VLG	Playwrite BE VLG	https://storage.appchief.dev/fonts/July2024/0lQmczBhiPoEU0kMaDzU.ttf	الانجليزية	Playwrite BE VLG Regular
Amithen	en	Amithen	Amithen	https://storage.appchief.dev/fonts/March2022/Ai7Tqq5bNS1IdZCbRp9d.ttf	الانجليزية	Amithen
SilkRemington-Reg	en	Silk Remington-Reg	Silk Remington-Reg	https://storage.appchief.dev/fonts/March2022/EJ3O2fvmFoSxo2Llqt04.ttf	الانجليزية	Silk Remington-Reg
Cosmodrome-Monoline	en	Cosmodrome Monoline	Cosmodrome Monoline	https://storage.appchief.dev/fonts/March2022/gbGDyn0utQXFFqZMhWVe.ttf	الانجليزية	Cosmodrome Monoline
BlackStone-Regular	en	Black Stone	Black Stone	https://storage.appchief.dev/fonts/March2022/AAl3ajLOD8n0X3vuDUcz.ttf	الانجليزية	Black Stone
Ballet16pt-Regular	en	Ballet	Ballet	https://storage.appchief.dev/fonts/url/QGYyz_MYZA-HM4NjuGOVnUEXme1I4Xi3C4G-EiAou6Y.ttf	الانجليزية	Ballet 16pt Regular
Sacramento-Regular	en	Sacramento	Sacramento	https://storage.appchief.dev/fonts/url/buEzpo6gcdjy0EiZMBUG0CoV_NxLeiw.ttf	الانجليزية	Sacramento
Winterlady	en	Winterlady	Winterlady	https://storage.appchief.dev/fonts/February2021/iq3pabgH1bsvpmOUKqUp.ttf	الانجليزية	Winterlady
SundiaryDemo	en	Sundiary Demo	Sundiary Demo	https://storage.appchief.dev/fonts/February2021/qX7VQZy0w8Y2ZcWCXWXQ.ttf	الانجليزية	Sundiary Demo
Bonbon-Regular	en	Bonbon	Bonbon	https://storage.appchief.dev/fonts/url/0FlVVPeVlFec4ee_cDEAbQY5-A.ttf	الانجليزية	Bonbon Regular
AcademyEngravedLetPlain	en	Academy Engraved LET Plain	Academy Engraved LET Plain	https://storage.appchief.dev/fonts/February2021/v0NVItr25LeYWeQ7sewI.ttf	الانجليزية	Academy Engraved LET Plain
Trattatello	en	Trattatello	Trattatello	https://storage.appchief.dev/fonts/February2021/ltjs3PgRgo0YsPIz0sZL.ttf	الانجليزية	Trattatello
Browny Joy - Personal Use	en	Browny Joy - Personal Use	Browny Joy - Personal Use	https://storage.appchief.dev/fonts/February2021/Dniq97m6oqhNpzcQOWxj.otf	الانجليزية	Browny Joy - Personal Use
Rickon-Regular	en	Rickon	Rickon	https://storage.appchief.dev/fonts/February2021/QTKM65jQxW028f3IKpdm.ttf	الانجليزية	Rickon Regular
AbsoluteNeonScriptRegular	en	Absolute Neon Script	Absolute Neon Script	https://storage.appchief.dev/fonts/February2021/lQkTH9kmoY0NZQkrOYuz.ttf	الانجليزية	Absolute Neon Script
NeonAbsoluteSansRegular	en	Neon Absolute Sans	Neon Absolute Sans	https://storage.appchief.dev/fonts/February2021/1lbs7yQXGfvaTScE9H4A.ttf	الانجليزية	Neon Absolute Sans
AzonixRegular	en	Azonix	Azonix	https://storage.appchief.dev/fonts/February2021/vbsATxSpleLxB7X9Whaj.otf	الانجليزية	Azonix
Countryside	en	Countryside	Countryside	https://storage.appchief.dev/fonts/February2021/rb758YkbAD6wfzTjNEk1.ttf	الانجليزية	Countryside
Countrysidetwo	en	Countryside two	Countryside two	https://storage.appchief.dev/fonts/February2021/Kfq2seJ7gsVpc7DpJzwL.ttf	الانجليزية	Countryside two
DeLaFuente	en	De La Fuente	De La Fuente	https://storage.appchief.dev/fonts/February2021/52gSFTqi83Mg2RJpCtDF.ttf	الانجليزية	De La Fuente
AutourOne-Regular	en	Autour One	Autour One	https://storage.appchief.dev/fonts/February2021/p1rqT5vh4x0bZKJUk1sf.ttf	الانجليزية	Autour One Regular
Chomsky	en	Chomsky	Chomsky	https://storage.appchief.dev/fonts/February2021/AMZ69KqjP3cGG3P07v4k.otf	الانجليزية	Chomsky
LibreBarcode39Text-Regular	en	Libre Barcode 39 Text	Libre Barcode 39 Text	https://storage.appchief.dev/fonts/url/sJoa3KhViNKANw_E3LwoDXvs5Un0HQ1vT-031RRL-9rYaw.ttf	الانجليزية	Libre Barcode 39 Text Regular
CinzelDecorative-Regular	en	Cinzel Decorative	Cinzel Decorative	https://storage.appchief.dev/fonts/url/daaCSScvJGqLYhG8nNt8KPPswUAPnh7URs1LaCyC.ttf	الانجليزية	Cinzel Decorative Regular
Rye-Regular	en	Rye	Rye	https://storage.appchief.dev/fonts/url/r05XGLJT86YDFpTsXOqx4w.ttf	الانجليزية	Rye Regular
SeaweedScript-Regular	en	Seaweed Script	Seaweed Script	https://storage.appchief.dev/fonts/url/bx6cNx6Tne2pxOATYE8C_Rsoe0WJ-KcGVbLW.ttf	الانجليزية	Seaweed Script
FingerPaint-Regular	en	Finger Paint	Finger Paint	https://storage.appchief.dev/fonts/url/0QInMXVJ-o-oRn_7dron8YWO85bS8ANesw.ttf	الانجليزية	Finger Paint Regular
StardosStencil-Regular	en	Stardos Stencil	Stardos Stencil	https://storage.appchief.dev/fonts/url/X7n94bcuGPC8hrvEOHXOgaKCc2TR71R3tiSx0g.ttf	الانجليزية	Stardos Stencil Regular
UnifrakturMaguntia	en	UnifrakturMaguntia	UnifrakturMaguntia	https://storage.appchief.dev/fonts/url/WWXPlieVYwiGNomYU-ciRLRvEmK7oaVun2xNNgNa1A.ttf	الانجليزية	UnifrakturMaguntia
BungeeShade-Regular	en	Bungee Shade	Bungee Shade	https://storage.appchief.dev/fonts/url/DtVkJxarWL0t2KdzK3oI_jks7iLSrwFUlw.ttf	الانجليزية	Bungee Shade
Akronim-Regular	en	Akronim	Akronim	https://storage.appchief.dev/fonts/url/fdN-9sqWtWZZlHRp-gBxkFYN-a8.ttf	الانجليزية	Akronim Regular
FrederickatheGreat-Regular	en	Fredericka the Great	Fredericka the Great	https://storage.appchief.dev/fonts/url/9Bt33CxNwt7aOctW2xjbCstzwVKsIBVV-9Skz7Ylch2L.ttf	الانجليزية	Fredericka the Great
Srisakdi-Regular	en	Srisakdi	Srisakdi	https://storage.appchief.dev/fonts/url/yMJRMIlvdpDbkB0A-jq8fSx5i814.ttf	الانجليزية	Srisakdi Regular
Sail-Regular	en	Sail	Sail	https://storage.appchief.dev/fonts/url/DPEjYwiBxwYJFBTDADYAbvw.ttf	الانجليزية	Sail
Flamenco-Light	en	Flamenco	Flamenco	https://storage.appchief.dev/fonts/February2021/7zPdiCy9BvE5swX8dzzi.ttf	الانجليزية	Flamenco Light
Flamenco-Regular	en	Flamenco	Flamenco	https://storage.appchief.dev/fonts/September2023/p0AF8nOPHzV9hizIdS7u.ttf	الانجليزية	Flamenco Regular
Babylonica-Regular	en	Babylonica	Babylonica	https://storage.appchief.dev/fonts/July2025/bqKhDWDpoxdfr8LERJPs.ttf	الانجليزية	Babylonica Regular
GreatVibes-Regular	en	Great Vibes	Great Vibes	https://storage.appchief.dev/fonts/July2025/e5n49sIHcNs8T8MgF3SM.ttf	الانجليزية	Great Vibes Regular
KaliebLuxury-Regular	en	Kalieb Luxury	Kalieb Luxury	https://storage.appchief.dev/fonts/July2025/tvfM9MGe1O2FxZ1yu3Vh.ttf	الانجليزية	Kalieb Luxury Regular
KaliebLuxury-Italic	en	Kalieb Luxury	Kalieb Luxury	https://storage.appchief.dev/fonts/July2025/YgrLze2Zj82egtvVSyuV.ttf	الانجليزية	Kalieb Luxury Italic
AnythingGoesRegular	en	Anything Goes	Anything Goes	https://storage.appchief.dev/fonts/August2025/gr1Aq92jiGCWQtomopky.ttf	الانجليزية	Anything Goes
AnythingGoesCutout	en	Anything Goes Cutout	Anything Goes Cutout	https://storage.appchief.dev/fonts/August2025/iWEJkjkp4UsZfCQNxqA2.ttf	الانجليزية	Anything Goes Cutout
LondrinaSolid-Light	en	Londrina Solid	Londrina Solid	https://storage.appchief.dev/fonts/August2025/RmeDxluVx4rbhfSuwea3.ttf	الانجليزية	Londrina Solid Light
LondrinaSolid-Regular	en	Londrina Solid	Londrina Solid	https://storage.appchief.dev/fonts/August2025/6KPgMrKRwnj78m6QIVCs.ttf	الانجليزية	Londrina Solid Regular
LondrinaSolid-Black	en	Londrina Solid	Londrina Solid	https://storage.appchief.dev/fonts/August2025/07t2Pr2JsOupfHyqk6Ko.ttf	الانجليزية	Londrina Solid Black
LondrinaShadow-Regular	en	Londrina Shadow	Londrina Shadow	https://storage.appchief.dev/fonts/August2025/P5zFSvbqDRGIRuLQs08Z.ttf	الانجليزية	Londrina Shadow Regular
CaveatBrush-Regular	en	Caveat Brush	Caveat Brush	https://storage.appchief.dev/fonts/August2025/RIlSZE6D0MPdSC8vqDUY.ttf	الانجليزية	Caveat Brush
Parisienne-Regular	en	Parisienne	Parisienne	https://storage.appchief.dev/fonts/August2025/V4gyEJBRtS0mxZ0lCXyb.ttf	الانجليزية	Parisienne
WindSong-Regular	en	WindSong	WindSong	https://storage.appchief.dev/fonts/August2025/va1W6zqGeKpbMftexwSc.ttf	الانجليزية	WindSong Regular
WindSong-Medium	en	WindSong	WindSong	https://storage.appchief.dev/fonts/August2025/uJBkrEFuaqNmcUkqh3mP.ttf	الانجليزية	WindSong Medium
DynaPuff-Regular	en	DynaPuff	DynaPuff	https://storage.appchief.dev/fonts/August2025/Riw0T4anKskMx1xUj46S.ttf	الانجليزية	DynaPuff Regular
Qwigley-Regular	en	Qwigley	Qwigley	https://storage.appchief.dev/fonts/August2025/MdWRfpZlyC0fgo47bt0n.ttf	الانجليزية	Qwigley Regular
Cherish-Regular	en	Cherish	Cherish	https://storage.appchief.dev/fonts/August2025/c0yMrytiWwi5Fo7tUhRl.ttf	الانجليزية	Cherish Regular
IslandMoments-Regular	en	Island Moments	Island Moments	https://storage.appchief.dev/fonts/September2025/GZ6YHfwu6GLYShW4iFxI.ttf	الانجليزية	Island Moments Regular
Pacifico-Regular	en	Pacifico	Pacifico	https://storage.appchief.dev/fonts/November2024/yRo9zhagnSrjRBa7DPjh.ttf	الانجليزية	Pacifico Regular
Nabla-Regular	en	Nabla	Nabla	https://storage.appchief.dev/fonts/url/j8_D6-LI0Lvpe7Makz5UhJt9C3uqg_X_75gyGS4jAxsNIjrRNRBUFFR_198.ttf	الانجليزية	Nabla Regular
PatrickHand-Regular	en	Patrick Hand	Patrick Hand	https://storage.appchief.dev/fonts/url/LDI1apSQOAYtSuYWp8ZhfYeMWcjKm7sp8g.ttf	الانجليزية	Patrick Hand
PatrickHandSC-Regular	en	Patrick Hand SC	Patrick Hand SC	https://storage.appchief.dev/fonts/url/0nkwC9f7MfsBiWcLtY65AWDK873ViSi6JQc7Vg.ttf	الانجليزية	Patrick Hand SC
GochiHand-Regular	en	Gochi Hand	Gochi Hand	https://storage.appchief.dev/fonts/url/hES06XlsOjtJsgCkx1PkTo71-n0nXWA.ttf	الانجليزية	Gochi Hand
ResalatyArabic-Regular	ar	رسالتي	Resalaty Arabic	https://storage.appchief.dev/fonts/February2026/AAVVnvQ2UAsRDhglEkar.ttf	حصري	Resalaty Arabic Regular
LemonBrush-Arabic	ar	ليمون	Lemon Brush Arabic	https://storage.appchief.dev/fonts/March2026/Gr4I488rDKuEDoOmbEzx.ttf	حصري	Lemon Brush Arabic
KOLab-Bold	ar	كولاب	KO Lab	https://storage.appchief.dev/fonts/July2025/11MnDno9zxDljhbKRjy8.ttf	حصري	KO Lab Bold
KoShareb-Display	ar	كوشاريب	KoShareb Display	https://storage.appchief.dev/fonts/July2025/up2LkJGeujwtmVZznovb.ttf	حصري	KoShareb Display
KORubbamaExpanded-BlackExpanded	ar	ربما	KO Rubbama	https://storage.appchief.dev/fonts/July2025/PKu75aNkkEiSjws5sSIr.ttf	حصري	KO Rubbama
KORubbama-Black	ar	ربما	KO Rubbama	https://storage.appchief.dev/fonts/July2025/3c7E3f6SvFlFI1bxCIuB.ttf	حصري	KO Rubbama
GuesswhatTrial-Exceptional	ar	جيس وات	Guesswhat Trial Exceptional	https://storage.appchief.dev/fonts/July2025/hZA4p8SwRvGROMaHedPD.ttf	حصري	Guesswhat Trial Exceptional
KOGhorab-Regular	ar	غراب	KO Ghorab	https://storage.appchief.dev/fonts/July2025/xlqoA6Pyrsf0LNUqNNty.ttf	حصري	KO Ghorab Regular
Dang-Long	ar	دانك طويل	Dang Long	https://storage.appchief.dev/fonts/February2025/mndaN3AWdgjJliBG0zfY.ttf	حصري	Dang Long
Dang-Short	ar	دانك قصير	Dang Short	https://storage.appchief.dev/fonts/February2025/MP9LCisnFvVGlkxSQJVs.ttf	حصري	Dang Short
Quarantine-Light	ar	كرنتينة	Quarantine	https://storage.appchief.dev/fonts/February2025/DSZwi9U5e2hyMzne8yJT.ttf	حصري	Quarantine Light
Quarantine-BlackDisplay	ar	كرنتينة	Quarantine	https://storage.appchief.dev/fonts/May2025/i6FKCDZ58OfBjCBZS4Bt.ttf	حصري	Quarantine Black Display
Quarantine-Black	ar	كرنتينة	Quarantine	https://storage.appchief.dev/fonts/February2025/gHZTWE9ETZgdlTsV4t8f.ttf	حصري	Quarantine Black
Quarantine-Bold	ar	كرنتينة	Quarantine	https://storage.appchief.dev/fonts/February2025/pkI3BwW1e44hLZlicEQU.ttf	حصري	Quarantine Bold
Quarantine-Medium	ar	كرنتينة	Quarantine	https://storage.appchief.dev/fonts/February2025/dYGRYTXPvwkIX4qz5hYF.ttf	حصري	Quarantine Medium
Quarantine-Normal	ar	كرنتينة	Quarantine Normal	https://storage.appchief.dev/fonts/February2025/GspdjCntZsVGP4s1nM3W.ttf	حصري	Quarantine Normal
Parnian-Bold	ar	برنيان	Parnian	https://storage.appchief.dev/fonts/January2025/PfSspy9F5W5QmcFsIu7W.ttf	حصري	Parnian Bold
Maneli	ar	مانلي	Maneli	https://storage.appchief.dev/fonts/March2025/DiZNIPUmZkU6Z904HQ39.ttf	حصري	Maneli
HAKAZA-Regular	ar	هكذا	HAKAZA	https://storage.appchief.dev/fonts/February2025/StASO3UlsVOAg0EStHju.ttf	حصري	HAKAZA Regular
DoranVF-Thin	ar	دوران	Doran VF	https://storage.appchief.dev/fonts/April2025/WUTLjLI2cmd6mY27wiX2.ttf	حصري	Doran VF Thin
Doran-Light	ar	دوران	Doran	https://storage.appchief.dev/fonts/February2025/l9VUojQP6NRIKpFEPLSd.ttf	حصري	Doran Light
Doran-Regular	ar	دوران	Doran	https://storage.appchief.dev/fonts/February2025/9zwAxfaaTa7rGbZkhpV7.ttf	حصري	Doran Regular
Doran-Medium	ar	دوران	Doran	https://storage.appchief.dev/fonts/February2025/kMUxcQm59GlRcJ97Ld8c.ttf	حصري	Doran Medium
Doran-Bold	ar	دوران	Doran	https://storage.appchief.dev/fonts/February2025/lYIuPLNankIa2933TnKO.ttf	حصري	Doran Bold
Doran-Black	ar	دوران	Doran	https://storage.appchief.dev/fonts/February2025/ZDeYANGdo6A4P9ciSNsT.ttf	حصري	Doran Black
